-- phpMyAdmin SQL Dump
-- version 4.8.5
-- https://www.phpmyadmin.net/
--
-- Anamakine: 127.0.0.1
-- Üretim Zamanı: 15 Ağu 2019, 17:26:48
-- Sunucu sürümü: 10.1.38-MariaDB
-- PHP Sürümü: 7.2.15

SET SQL_MODE = "NO_AUTO_VALUE_ON_ZERO";
SET AUTOCOMMIT = 0;
START TRANSACTION;
SET time_zone = "+00:00";


/*!40101 SET @OLD_CHARACTER_SET_CLIENT=@@CHARACTER_SET_CLIENT */;
/*!40101 SET @OLD_CHARACTER_SET_RESULTS=@@CHARACTER_SET_RESULTS */;
/*!40101 SET @OLD_COLLATION_CONNECTION=@@COLLATION_CONNECTION */;
/*!40101 SET NAMES utf8mb4 */;

--
-- Veritabanı: `personelfinanssoftware`
--

-- --------------------------------------------------------

--
-- Tablo için tablo yapısı `deneme`
--

CREATE TABLE `deneme` (
  `KullaniciAdi` text COLLATE utf8_turkish_ci NOT NULL,
  `DovizCinsi` text COLLATE utf8_turkish_ci NOT NULL,
  `TLkarsiligi` double NOT NULL
) ENGINE=InnoDB DEFAULT CHARSET=utf8 COLLATE=utf8_turkish_ci;

-- --------------------------------------------------------

--
-- Tablo için tablo yapısı `deneme2`
--

CREATE TABLE `deneme2` (
  `DovizAlis` double NOT NULL,
  `Tarih` date NOT NULL
) ENGINE=InnoDB DEFAULT CHARSET=utf8 COLLATE=utf8_turkish_ci;

-- --------------------------------------------------------

--
-- Tablo için tablo yapısı `deneme3`
--

CREATE TABLE `deneme3` (
  `DovizCinsi` text COLLATE utf8_turkish_ci NOT NULL,
  `DovizAlis` double NOT NULL,
  `Tarih` date NOT NULL
) ENGINE=InnoDB DEFAULT CHARSET=utf8 COLLATE=utf8_turkish_ci;

-- --------------------------------------------------------

--
-- Tablo için tablo yapısı `deposit`
--

CREATE TABLE `deposit` (
  `KullaniciAdi` text COLLATE utf8_turkish_ci NOT NULL,
  `DovizCinsi` text COLLATE utf8_turkish_ci NOT NULL,
  `MevcutBakiye` int(11) NOT NULL,
  `AltLimit` int(11) NOT NULL,
  `UstLimit` int(11) NOT NULL
) ENGINE=InnoDB DEFAULT CHARSET=utf8 COLLATE=utf8_turkish_ci;

--
-- Tablo döküm verisi `deposit`
--

INSERT INTO `deposit` (`KullaniciAdi`, `DovizCinsi`, `MevcutBakiye`, `AltLimit`, `UstLimit`) VALUES
('severus', 'ABD DOLARI', 400, 15, 1000),
('severus', 'EURO', 300, 15, 1000),
('severus', 'KUVEYT DİNARI', 15, 15, 1500),
('iho', 'ABD DOLARI', 285, 10, 1000),
('iho', 'İSVİÇRE FRANGI', 300, 10, 1000),
('iho', 'KUVEYT DİNARI', 3, 10, 1000),
('severus', 'KATAR RİYALİ', 50, 10, 100);

-- --------------------------------------------------------

--
-- Tablo için tablo yapısı `dovizkurlari`
--

CREATE TABLE `dovizkurlari` (
  `DovizCinsi` text COLLATE utf8_turkish_ci NOT NULL,
  `DovizAlis` double NOT NULL,
  `Tarih` date NOT NULL
) ENGINE=InnoDB DEFAULT CHARSET=utf8 COLLATE=utf8_turkish_ci;

--
-- Tablo döküm verisi `dovizkurlari`
--

INSERT INTO `dovizkurlari` (`DovizCinsi`, `DovizAlis`, `Tarih`) VALUES
('ABD DOLARI', 5.6792, '2019-07-01'),
('AVUSTRALYA DOLARI', 3.964, '2019-07-01'),
('DANİMARKA KRONU', 0.86082, '2019-07-01'),
('EURO', 6.4353, '2019-07-01'),
('İNGİLİZ STERLİNİ', 7.1721, '2019-07-01'),
('İSVİÇRE FRANGI', 5.764, '2019-07-01'),
('İSVEÇ KRONU', 0.60793, '2019-07-01'),
('KANADA DOLARI', 4.3294, '2019-07-01'),
('KUVEYT DİNARI', 18.5909, '2019-07-01'),
('NORVEÇ KRONU', 0.66314, '2019-07-01'),
('SUUDİ ARABİSTAN RİYALİ', 1.5144, '2019-07-01'),
('JAPON YENİ', 5.2307, '2019-07-01'),
('BULGAR LEVASI', 3.2716, '2019-07-01'),
('RUMEN LEYİ', 1.3522, '2019-07-01'),
('RUS RUBLESİ', 0.08954, '2019-07-01'),
('İRAN RİYALİ', 0.01345, '2019-07-01'),
('ÇİN YUANI', 0.8251, '2019-07-01'),
('PAKİSTAN RUPİSİ', 0.0356, '2019-07-01'),
('KATAR RİYALİ', 1.551, '2019-07-01'),
('ÖZEL ÇEKME HAKKI (SDR)                            ', 7.8895, '2019-07-01'),
('ABD DOLARI', 5.6669, '2019-07-02'),
('AVUSTRALYA DOLARI', 3.9508, '2019-07-02'),
('DANİMARKA KRONU', 0.85631, '2019-07-02'),
('EURO', 6.4013, '2019-07-02'),
('İNGİLİZ STERLİNİ', 7.1428, '2019-07-02'),
('İSVİÇRE FRANGI', 5.7236, '2019-07-02'),
('İSVEÇ KRONU', 0.60401, '2019-07-02'),
('KANADA DOLARI', 4.3136, '2019-07-02'),
('KUVEYT DİNARI', 18.5446, '2019-07-02'),
('NORVEÇ KRONU', 0.66022, '2019-07-02'),
('SUUDİ ARABİSTAN RİYALİ', 1.5111, '2019-07-02'),
('JAPON YENİ', 5.2212, '2019-07-02'),
('BULGAR LEVASI', 3.2542, '2019-07-02'),
('RUMEN LEYİ', 1.3443, '2019-07-02'),
('RUS RUBLESİ', 0.08912, '2019-07-02'),
('İRAN RİYALİ', 0.01342, '2019-07-02'),
('ÇİN YUANI', 0.81982, '2019-07-02'),
('PAKİSTAN RUPİSİ', 0.03611, '2019-07-02'),
('KATAR RİYALİ', 1.5475, '2019-07-02'),
('ÖZEL ÇEKME HAKKI (SDR)                            ', 7.8602, '2019-07-02'),
('ABD DOLARI', 5.6292, '2019-07-03'),
('AVUSTRALYA DOLARI', 3.9365, '2019-07-03'),
('DANİMARKA KRONU', 0.84999, '2019-07-03'),
('EURO', 6.3544, '2019-07-03'),
('İNGİLİZ STERLİNİ', 7.0659, '2019-07-03'),
('İSVİÇRE FRANGI', 5.6993, '2019-07-03'),
('İSVEÇ KRONU', 0.60154, '2019-07-03'),
('KANADA DOLARI', 4.2901, '2019-07-03'),
('KUVEYT DİNARI', 18.4243, '2019-07-03'),
('NORVEÇ KRONU', 0.65531, '2019-07-03'),
('SUUDİ ARABİSTAN RİYALİ', 1.501, '2019-07-03'),
('JAPON YENİ', 5.2151, '2019-07-03'),
('BULGAR LEVASI', 3.2305, '2019-07-03'),
('RUMEN LEYİ', 1.3342, '2019-07-03'),
('RUS RUBLESİ', 0.08818, '2019-07-03'),
('İRAN RİYALİ', 0.01333, '2019-07-03'),
('ÇİN YUANI', 0.81334, '2019-07-03'),
('PAKİSTAN RUPİSİ', 0.03577, '2019-07-03'),
('KATAR RİYALİ', 1.5373, '2019-07-03'),
('ÖZEL ÇEKME HAKKI (SDR)                            ', 7.8061, '2019-07-03'),
('ABD DOLARI', 5.5934, '2019-07-04'),
('AVUSTRALYA DOLARI', 3.9189, '2019-07-04'),
('DANİMARKA KRONU', 0.84439, '2019-07-04'),
('EURO', 6.3117, '2019-07-04'),
('İNGİLİZ STERLİNİ', 7.0226, '2019-07-04'),
('İSVİÇRE FRANGI', 5.6591, '2019-07-04'),
('İSVEÇ KRONU', 0.59738, '2019-07-04'),
('KANADA DOLARI', 4.2723, '2019-07-04'),
('KUVEYT DİNARI', 18.3015, '2019-07-04'),
('NORVEÇ KRONU', 0.65357, '2019-07-04'),
('SUUDİ ARABİSTAN RİYALİ', 1.4915, '2019-07-04'),
('JAPON YENİ', 5.1765, '2019-07-04'),
('BULGAR LEVASI', 3.209, '2019-07-04'),
('RUMEN LEYİ', 1.329, '2019-07-04'),
('RUS RUBLESİ', 0.0877, '2019-07-04'),
('İRAN RİYALİ', 0.01324, '2019-07-04'),
('ÇİN YUANI', 0.80932, '2019-07-04'),
('PAKİSTAN RUPİSİ', 0.03531, '2019-07-04'),
('KATAR RİYALİ', 1.5274, '2019-07-04'),
('ÖZEL ÇEKME HAKKI (SDR)                            ', 7.7561, '2019-07-04'),
('ABD DOLARI', 5.6007, '2019-07-05'),
('AVUSTRALYA DOLARI', 3.9208, '2019-07-05'),
('DANİMARKA KRONU', 0.84399, '2019-07-05'),
('EURO', 6.309, '2019-07-05'),
('İNGİLİZ STERLİNİ', 7.0208, '2019-07-05'),
('İSVİÇRE FRANGI', 5.6595, '2019-07-05'),
('İSVEÇ KRONU', 0.59579, '2019-07-05'),
('KANADA DOLARI', 4.2808, '2019-07-05'),
('KUVEYT DİNARI', 18.3177, '2019-07-05'),
('NORVEÇ KRONU', 0.65352, '2019-07-05'),
('SUUDİ ARABİSTAN RİYALİ', 1.4934, '2019-07-05'),
('JAPON YENİ', 5.1716, '2019-07-05'),
('BULGAR LEVASI', 3.2076, '2019-07-05'),
('RUMEN LEYİ', 1.3282, '2019-07-05'),
('RUS RUBLESİ', 0.08767, '2019-07-05'),
('İRAN RİYALİ', 0.01326, '2019-07-05'),
('ÇİN YUANI', 0.80981, '2019-07-05'),
('PAKİSTAN RUPİSİ', 0.03516, '2019-07-05'),
('KATAR RİYALİ', 1.5294, '2019-07-05'),
('ÖZEL ÇEKME HAKKI (SDR)                            ', 7.7591, '2019-07-05'),
('ABD DOLARI', 5.7227, '2019-07-08'),
('AVUSTRALYA DOLARI', 3.9887, '2019-07-08'),
('DANİMARKA KRONU', 0.85935, '2019-07-08'),
('EURO', 6.4235, '2019-07-08'),
('İNGİLİZ STERLİNİ', 7.1559, '2019-07-08'),
('İSVİÇRE FRANGI', 5.7594, '2019-07-08'),
('İSVEÇ KRONU', 0.60386, '2019-07-08'),
('KANADA DOLARI', 4.3726, '2019-07-08'),
('KUVEYT DİNARI', 18.7061, '2019-07-08'),
('NORVEÇ KRONU', 0.66222, '2019-07-08'),
('SUUDİ ARABİSTAN RİYALİ', 1.5259, '2019-07-08'),
('JAPON YENİ', 5.2647, '2019-07-08'),
('BULGAR LEVASI', 3.2658, '2019-07-08'),
('RUMEN LEYİ', 1.3526, '2019-07-08'),
('RUS RUBLESİ', 0.08914, '2019-07-08'),
('İRAN RİYALİ', 0.01355, '2019-07-08'),
('ÇİN YUANI', 0.82676, '2019-07-08'),
('PAKİSTAN RUPİSİ', 0.0359, '2019-07-08'),
('KATAR RİYALİ', 1.5617, '2019-07-08'),
('ÖZEL ÇEKME HAKKI (SDR)                            ', 7.9147, '2019-07-08'),
('ABD DOLARI', 5.7122, '2019-07-09'),
('AVUSTRALYA DOLARI', 3.9537, '2019-07-09'),
('DANİMARKA KRONU', 0.85624, '2019-07-09'),
('EURO', 6.3998, '2019-07-09'),
('İNGİLİZ STERLİNİ', 7.1105, '2019-07-09'),
('İSVİÇRE FRANGI', 5.7314, '2019-07-09'),
('İSVEÇ KRONU', 0.59982, '2019-07-09'),
('KANADA DOLARI', 4.3464, '2019-07-09'),
('KUVEYT DİNARI', 18.6555, '2019-07-09'),
('NORVEÇ KRONU', 0.65816, '2019-07-09'),
('SUUDİ ARABİSTAN RİYALİ', 1.5231, '2019-07-09'),
('JAPON YENİ', 5.2355, '2019-07-09'),
('BULGAR LEVASI', 3.2538, '2019-07-09'),
('RUMEN LEYİ', 1.3462, '2019-07-09'),
('RUS RUBLESİ', 0.08905, '2019-07-09'),
('İRAN RİYALİ', 0.01352, '2019-07-09'),
('ÇİN YUANI', 0.8251, '2019-07-09'),
('PAKİSTAN RUPİSİ', 0.03584, '2019-07-09'),
('KATAR RİYALİ', 1.5601, '2019-07-09'),
('ÖZEL ÇEKME HAKKI (SDR)                            ', 7.8903, '2019-07-09'),
('ABD DOLARI', 5.7381, '2019-07-10'),
('AVUSTRALYA DOLARI', 3.9613, '2019-07-10'),
('DANİMARKA KRONU', 0.86112, '2019-07-10'),
('EURO', 6.4369, '2019-07-10'),
('İNGİLİZ STERLİNİ', 7.1433, '2019-07-10'),
('İSVİÇRE FRANGI', 5.7717, '2019-07-10'),
('İSVEÇ KRONU', 0.60338, '2019-07-10'),
('KANADA DOLARI', 4.3656, '2019-07-10'),
('KUVEYT DİNARI', 18.7401, '2019-07-10'),
('NORVEÇ KRONU', 0.66161, '2019-07-10'),
('SUUDİ ARABİSTAN RİYALİ', 1.53, '2019-07-10'),
('JAPON YENİ', 5.2549, '2019-07-10'),
('BULGAR LEVASI', 3.2726, '2019-07-10'),
('RUMEN LEYİ', 1.3527, '2019-07-10'),
('RUS RUBLESİ', 0.08954, '2019-07-10'),
('İRAN RİYALİ', 0.01359, '2019-07-10'),
('ÇİN YUANI', 0.82897, '2019-07-10'),
('PAKİSTAN RUPİSİ', 0.03603, '2019-07-10'),
('KATAR RİYALİ', 1.5671, '2019-07-10'),
('ÖZEL ÇEKME HAKKI (SDR)                            ', 7.9289, '2019-07-10'),
('ABD DOLARI', 5.6665, '2019-07-11'),
('AVUSTRALYA DOLARI', 3.945, '2019-07-11'),
('DANİMARKA KRONU', 0.85425, '2019-07-11'),
('EURO', 6.3877, '2019-07-11'),
('İNGİLİZ STERLİNİ', 7.0947, '2019-07-11'),
('İSVİÇRE FRANGI', 5.7332, '2019-07-11'),
('İSVEÇ KRONU', 0.60101, '2019-07-11'),
('KANADA DOLARI', 4.336, '2019-07-11'),
('KUVEYT DİNARI', 18.5209, '2019-07-11'),
('NORVEÇ KRONU', 0.66098, '2019-07-11'),
('SUUDİ ARABİSTAN RİYALİ', 1.5109, '2019-07-11'),
('JAPON YENİ', 5.2301, '2019-07-11'),
('BULGAR LEVASI', 3.2474, '2019-07-11'),
('RUMEN LEYİ', 1.3419, '2019-07-11'),
('RUS RUBLESİ', 0.08942, '2019-07-11'),
('İRAN RİYALİ', 0.01342, '2019-07-11'),
('ÇİN YUANI', 0.82067, '2019-07-11'),
('PAKİSTAN RUPİSİ', 0.03548, '2019-07-11'),
('KATAR RİYALİ', 1.5475, '2019-07-11'),
('ÖZEL ÇEKME HAKKI (SDR)                            ', 7.8524, '2019-07-11'),
('ABD DOLARI', 5.6916, '2019-07-12'),
('AVUSTRALYA DOLARI', 3.9713, '2019-07-12'),
('DANİMARKA KRONU', 0.85695, '2019-07-12'),
('EURO', 6.4088, '2019-07-12'),
('İNGİLİZ STERLİNİ', 7.1238, '2019-07-12'),
('İSVİÇRE FRANGI', 5.7536, '2019-07-12'),
('İSVEÇ KRONU', 0.60486, '2019-07-12'),
('KANADA DOLARI', 4.3628, '2019-07-12'),
('KUVEYT DİNARI', 18.5951, '2019-07-12'),
('NORVEÇ KRONU', 0.66509, '2019-07-12'),
('SUUDİ ARABİSTAN RİYALİ', 1.5176, '2019-07-12'),
('JAPON YENİ', 5.2403, '2019-07-12'),
('BULGAR LEVASI', 3.2583, '2019-07-12'),
('RUMEN LEYİ', 1.3467, '2019-07-12'),
('RUS RUBLESİ', 0.08978, '2019-07-12'),
('İRAN RİYALİ', 0.01348, '2019-07-12'),
('ÇİN YUANI', 0.82279, '2019-07-12'),
('PAKİSTAN RUPİSİ', 0.03557, '2019-07-12'),
('KATAR RİYALİ', 1.5544, '2019-07-12'),
('ÖZEL ÇEKME HAKKI (SDR)                            ', 7.8811, '2019-07-12'),
('ABD DOLARI', 5.7027, '2019-07-16'),
('AVUSTRALYA DOLARI', 3.9993, '2019-07-16'),
('DANİMARKA KRONU', 0.85687, '2019-07-16'),
('EURO', 6.4086, '2019-07-16'),
('İNGİLİZ STERLİNİ', 7.0907, '2019-07-16'),
('İSVİÇRE FRANGI', 5.7758, '2019-07-16'),
('İSVEÇ KRONU', 0.6057, '2019-07-16'),
('KANADA DOLARI', 4.3624, '2019-07-16'),
('KUVEYT DİNARI', 18.6267, '2019-07-16'),
('NORVEÇ KRONU', 0.66516, '2019-07-16'),
('SUUDİ ARABİSTAN RİYALİ', 1.5205, '2019-07-16'),
('JAPON YENİ', 5.2677, '2019-07-16'),
('BULGAR LEVASI', 3.2583, '2019-07-16'),
('RUMEN LEYİ', 1.3464, '2019-07-16'),
('RUS RUBLESİ', 0.09034, '2019-07-16'),
('İRAN RİYALİ', 0.0135, '2019-07-16'),
('ÇİN YUANI', 0.82466, '2019-07-16'),
('PAKİSTAN RUPİSİ', 0.03555, '2019-07-16'),
('KATAR RİYALİ', 1.5575, '2019-07-16'),
('ÖZEL ÇEKME HAKKI (SDR)                            ', 7.8899, '2019-07-16'),
('ABD DOLARI', 5.6929, '2019-07-17'),
('AVUSTRALYA DOLARI', 3.9805, '2019-07-17'),
('DANİMARKA KRONU', 0.85348, '2019-07-17'),
('EURO', 6.383, '2019-07-17'),
('İNGİLİZ STERLİNİ', 7.048, '2019-07-17'),
('İSVİÇRE FRANGI', 5.7411, '2019-07-17'),
('İSVEÇ KRONU', 0.60388, '2019-07-17'),
('KANADA DOLARI', 4.3527, '2019-07-17'),
('KUVEYT DİNARI', 18.5858, '2019-07-17'),
('NORVEÇ KRONU', 0.6615, '2019-07-17'),
('SUUDİ ARABİSTAN RİYALİ', 1.5179, '2019-07-17'),
('JAPON YENİ', 5.2463, '2019-07-17'),
('BULGAR LEVASI', 3.2453, '2019-07-17'),
('RUMEN LEYİ', 1.3407, '2019-07-17'),
('RUS RUBLESİ', 0.09003, '2019-07-17'),
('İRAN RİYALİ', 0.01348, '2019-07-17'),
('ÇİN YUANI', 0.82294, '2019-07-17'),
('PAKİSTAN RUPİSİ', 0.0355, '2019-07-17'),
('KATAR RİYALİ', 1.5548, '2019-07-17'),
('ÖZEL ÇEKME HAKKI (SDR)                            ', 7.8662, '2019-07-17'),
('ABD DOLARI', 5.6912, '2019-07-18'),
('AVUSTRALYA DOLARI', 3.9931, '2019-07-18'),
('DANİMARKA KRONU', 0.85454, '2019-07-18'),
('EURO', 6.3913, '2019-07-18'),
('İNGİLİZ STERLİNİ', 7.0845, '2019-07-18'),
('İSVİÇRE FRANGI', 5.758, '2019-07-18'),
('İSVEÇ KRONU', 0.60524, '2019-07-18'),
('KANADA DOLARI', 4.353, '2019-07-18'),
('KUVEYT DİNARI', 18.595, '2019-07-18'),
('NORVEÇ KRONU', 0.66042, '2019-07-18'),
('SUUDİ ARABİSTAN RİYALİ', 1.5175, '2019-07-18'),
('JAPON YENİ', 5.268, '2019-07-18'),
('BULGAR LEVASI', 3.2495, '2019-07-18'),
('RUMEN LEYİ', 1.3429, '2019-07-18'),
('RUS RUBLESİ', 0.08997, '2019-07-18'),
('İRAN RİYALİ', 0.01347, '2019-07-18'),
('ÇİN YUANI', 0.82267, '2019-07-18'),
('PAKİSTAN RUPİSİ', 0.03543, '2019-07-18'),
('KATAR RİYALİ', 1.5543, '2019-07-18'),
('ÖZEL ÇEKME HAKKI (SDR)                            ', 7.8739, '2019-07-18'),
('ABD DOLARI', 5.6316, '2019-07-19'),
('AVUSTRALYA DOLARI', 3.9658, '2019-07-19'),
('DANİMARKA KRONU', 0.84706, '2019-07-19'),
('EURO', 6.334, '2019-07-19'),
('İNGİLİZ STERLİNİ', 7.0434, '2019-07-19'),
('İSVİÇRE FRANGI', 5.7155, '2019-07-19'),
('İSVEÇ KRONU', 0.59986, '2019-07-19'),
('KANADA DOLARI', 4.3126, '2019-07-19'),
('KUVEYT DİNARI', 18.4069, '2019-07-19'),
('NORVEÇ KRONU', 0.65682, '2019-07-19'),
('SUUDİ ARABİSTAN RİYALİ', 1.5016, '2019-07-19'),
('JAPON YENİ', 5.2188, '2019-07-19'),
('BULGAR LEVASI', 3.2203, '2019-07-19'),
('RUMEN LEYİ', 1.331, '2019-07-19'),
('RUS RUBLESİ', 0.08894, '2019-07-19'),
('İRAN RİYALİ', 0.01333, '2019-07-19'),
('ÇİN YUANI', 0.81429, '2019-07-19'),
('PAKİSTAN RUPİSİ', 0.03501, '2019-07-19'),
('KATAR RİYALİ', 1.5381, '2019-07-19'),
('ÖZEL ÇEKME HAKKI (SDR)                            ', 7.799, '2019-07-19'),
('ABD DOLARI', 5.6684, '2019-07-22'),
('AVUSTRALYA DOLARI', 3.983, '2019-07-22'),
('DANİMARKA KRONU', 0.85036, '2019-07-22'),
('EURO', 6.3586, '2019-07-22'),
('İNGİLİZ STERLİNİ', 7.0592, '2019-07-22'),
('İSVİÇRE FRANGI', 5.7588, '2019-07-22'),
('İSVEÇ KRONU', 0.60067, '2019-07-22'),
('KANADA DOLARI', 4.3365, '2019-07-22'),
('KUVEYT DİNARI', 18.5188, '2019-07-22'),
('NORVEÇ KRONU', 0.65933, '2019-07-22'),
('SUUDİ ARABİSTAN RİYALİ', 1.5114, '2019-07-22'),
('JAPON YENİ', 5.2411, '2019-07-22'),
('BULGAR LEVASI', 3.2329, '2019-07-22'),
('RUMEN LEYİ', 1.3386, '2019-07-22'),
('RUS RUBLESİ', 0.08948, '2019-07-22'),
('İRAN RİYALİ', 0.01342, '2019-07-22'),
('ÇİN YUANI', 0.81925, '2019-07-22'),
('PAKİSTAN RUPİSİ', 0.035, '2019-07-22'),
('KATAR RİYALİ', 1.548, '2019-07-22'),
('ÖZEL ÇEKME HAKKI (SDR)                            ', 7.8391, '2019-07-22'),
('ABD DOLARI', 5.6784, '2019-07-23'),
('AVUSTRALYA DOLARI', 3.9794, '2019-07-23'),
('DANİMARKA KRONU', 0.8492, '2019-07-23'),
('EURO', 6.3499, '2019-07-23'),
('İNGİLİZ STERLİNİ', 7.0559, '2019-07-23'),
('İSVİÇRE FRANGI', 5.7574, '2019-07-23'),
('İSVEÇ KRONU', 0.59843, '2019-07-23'),
('KANADA DOLARI', 4.3174, '2019-07-23'),
('KUVEYT DİNARI', 18.547, '2019-07-23'),
('NORVEÇ KRONU', 0.6545, '2019-07-23'),
('SUUDİ ARABİSTAN RİYALİ', 1.514, '2019-07-23'),
('JAPON YENİ', 5.2384, '2019-07-23'),
('BULGAR LEVASI', 3.2282, '2019-07-23'),
('RUMEN LEYİ', 1.3375, '2019-07-23'),
('RUS RUBLESİ', 0.08937, '2019-07-23'),
('İRAN RİYALİ', 0.01344, '2019-07-23'),
('ÇİN YUANI', 0.82076, '2019-07-23'),
('PAKİSTAN RUPİSİ', 0.03534, '2019-07-23'),
('KATAR RİYALİ', 1.5507, '2019-07-23'),
('ÖZEL ÇEKME HAKKI (SDR)                            ', 7.8425, '2019-07-23'),
('ABD DOLARI', 5.7135, '2019-07-24'),
('AVUSTRALYA DOLARI', 3.9796, '2019-07-24'),
('DANİMARKA KRONU', 0.85156, '2019-07-24'),
('EURO', 6.3671, '2019-07-24'),
('İNGİLİZ STERLİNİ', 7.115, '2019-07-24'),
('İSVİÇRE FRANGI', 5.7822, '2019-07-24'),
('İSVEÇ KRONU', 0.6014, '2019-07-24'),
('KANADA DOLARI', 4.344, '2019-07-24'),
('KUVEYT DİNARI', 18.6639, '2019-07-24'),
('NORVEÇ KRONU', 0.65775, '2019-07-24'),
('SUUDİ ARABİSTAN RİYALİ', 1.5234, '2019-07-24'),
('JAPON YENİ', 5.2748, '2019-07-24'),
('BULGAR LEVASI', 3.2372, '2019-07-24'),
('RUMEN LEYİ', 1.3414, '2019-07-24'),
('RUS RUBLESİ', 0.09004, '2019-07-24'),
('İRAN RİYALİ', 0.01353, '2019-07-24'),
('ÇİN YUANI', 0.82618, '2019-07-24'),
('PAKİSTAN RUPİSİ', 0.03532, '2019-07-24'),
('KATAR RİYALİ', 1.5602, '2019-07-24'),
('ÖZEL ÇEKME HAKKI (SDR)                            ', 7.8846, '2019-07-24'),
('ABD DOLARI', 5.6991, '2019-07-25'),
('AVUSTRALYA DOLARI', 3.9621, '2019-07-25'),
('DANİMARKA KRONU', 0.84829, '2019-07-25'),
('EURO', 6.3422, '2019-07-25'),
('İNGİLİZ STERLİNİ', 7.1012, '2019-07-25'),
('İSVİÇRE FRANGI', 5.7644, '2019-07-25'),
('İSVEÇ KRONU', 0.60089, '2019-07-25'),
('KANADA DOLARI', 4.3343, '2019-07-25'),
('KUVEYT DİNARI', 18.6187, '2019-07-25'),
('NORVEÇ KRONU', 0.65707, '2019-07-25'),
('SUUDİ ARABİSTAN RİYALİ', 1.5196, '2019-07-25'),
('JAPON YENİ', 5.2599, '2019-07-25'),
('BULGAR LEVASI', 3.2246, '2019-07-25'),
('RUMEN LEYİ', 1.3355, '2019-07-25'),
('RUS RUBLESİ', 0.08976, '2019-07-25'),
('İRAN RİYALİ', 0.01349, '2019-07-25'),
('ÇİN YUANI', 0.82442, '2019-07-25'),
('PAKİSTAN RUPİSİ', 0.03514, '2019-07-25'),
('KATAR RİYALİ', 1.5564, '2019-07-25'),
('ÖZEL ÇEKME HAKKI (SDR)                            ', 7.8618, '2019-07-25'),
('ABD DOLARI', 5.6564, '2019-07-26'),
('AVUSTRALYA DOLARI', 3.9113, '2019-07-26'),
('DANİMARKA KRONU', 0.84243, '2019-07-26'),
('EURO', 6.2997, '2019-07-26'),
('İNGİLİZ STERLİNİ', 7.0206, '2019-07-26'),
('İSVİÇRE FRANGI', 5.6894, '2019-07-26'),
('İSVEÇ KRONU', 0.59457, '2019-07-26'),
('KANADA DOLARI', 4.2865, '2019-07-26'),
('KUVEYT DİNARI', 18.4705, '2019-07-26'),
('NORVEÇ KRONU', 0.64857, '2019-07-26'),
('SUUDİ ARABİSTAN RİYALİ', 1.5082, '2019-07-26'),
('JAPON YENİ', 5.1934, '2019-07-26'),
('BULGAR LEVASI', 3.2029, '2019-07-26'),
('RUMEN LEYİ', 1.3253, '2019-07-26'),
('RUS RUBLESİ', 0.08908, '2019-07-26'),
('İRAN RİYALİ', 0.01339, '2019-07-26'),
('ÇİN YUANI', 0.81761, '2019-07-26'),
('PAKİSTAN RUPİSİ', 0.03491, '2019-07-26'),
('KATAR RİYALİ', 1.5446, '2019-07-26'),
('ÖZEL ÇEKME HAKKI (SDR)                            ', 7.7986, '2019-07-26'),
('ABD DOLARI', 5.6272, '2019-07-29'),
('AVUSTRALYA DOLARI', 3.8768, '2019-07-29'),
('DANİMARKA KRONU', 0.83689, '2019-07-29'),
('EURO', 6.2586, '2019-07-29'),
('İNGİLİZ STERLİNİ', 6.9264, '2019-07-29'),
('İSVİÇRE FRANGI', 5.6583, '2019-07-29'),
('İSVEÇ KRONU', 0.5895, '2019-07-29'),
('KANADA DOLARI', 4.2656, '2019-07-29'),
('KUVEYT DİNARI', 18.3777, '2019-07-29'),
('NORVEÇ KRONU', 0.64387, '2019-07-29'),
('SUUDİ ARABİSTAN RİYALİ', 1.5004, '2019-07-29'),
('JAPON YENİ', 5.1674, '2019-07-29'),
('BULGAR LEVASI', 3.1821, '2019-07-29'),
('RUMEN LEYİ', 1.3165, '2019-07-29'),
('RUS RUBLESİ', 0.08812, '2019-07-29'),
('İRAN RİYALİ', 0.01332, '2019-07-29'),
('ÇİN YUANI', 0.81184, '2019-07-29'),
('PAKİSTAN RUPİSİ', 0.03471, '2019-07-29'),
('KATAR RİYALİ', 1.5368, '2019-07-29'),
('ÖZEL ÇEKME HAKKI (SDR)                            ', 7.7485, '2019-07-29'),
('ABD DOLARI', 5.5709, '2019-07-30'),
('AVUSTRALYA DOLARI', 3.83, '2019-07-30'),
('DANİMARKA KRONU', 0.83025, '2019-07-30'),
('EURO', 6.2088, '2019-07-30'),
('İNGİLİZ STERLİNİ', 6.7681, '2019-07-30'),
('İSVİÇRE FRANGI', 5.6108, '2019-07-30'),
('İSVEÇ KRONU', 0.58137, '2019-07-30'),
('KANADA DOLARI', 4.2239, '2019-07-30'),
('KUVEYT DİNARI', 18.1941, '2019-07-30'),
('NORVEÇ KRONU', 0.63679, '2019-07-30'),
('SUUDİ ARABİSTAN RİYALİ', 1.4854, '2019-07-30'),
('JAPON YENİ', 5.1177, '2019-07-30'),
('BULGAR LEVASI', 3.1566, '2019-07-30'),
('RUMEN LEYİ', 1.305, '2019-07-30'),
('RUS RUBLESİ', 0.08742, '2019-07-30'),
('İRAN RİYALİ', 0.01319, '2019-07-30'),
('ÇİN YUANI', 0.80486, '2019-07-30'),
('PAKİSTAN RUPİSİ', 0.03441, '2019-07-30'),
('KATAR RİYALİ', 1.5213, '2019-07-30'),
('ÖZEL ÇEKME HAKKI (SDR)                            ', 7.6697, '2019-07-30'),
('ABD DOLARI', 5.5227, '2019-07-31'),
('AVUSTRALYA DOLARI', 3.7977, '2019-07-31'),
('DANİMARKA KRONU', 0.82329, '2019-07-31'),
('EURO', 6.1574, '2019-07-31'),
('İNGİLİZ STERLİNİ', 6.7071, '2019-07-31'),
('İSVİÇRE FRANGI', 5.5634, '2019-07-31'),
('İSVEÇ KRONU', 0.57476, '2019-07-31'),
('KANADA DOLARI', 4.1951, '2019-07-31'),
('KUVEYT DİNARI', 18.0374, '2019-07-31'),
('NORVEÇ KRONU', 0.62848, '2019-07-31'),
('SUUDİ ARABİSTAN RİYALİ', 1.4725, '2019-07-31'),
('JAPON YENİ', 5.0751, '2019-07-31'),
('BULGAR LEVASI', 3.1306, '2019-07-31'),
('RUMEN LEYİ', 1.2935, '2019-07-31'),
('RUS RUBLESİ', 0.08658, '2019-07-31'),
('İRAN RİYALİ', 0.01308, '2019-07-31'),
('ÇİN YUANI', 0.7978, '2019-07-31'),
('PAKİSTAN RUPİSİ', 0.03424, '2019-07-31'),
('KATAR RİYALİ', 1.5081, '2019-07-31'),
('ÖZEL ÇEKME HAKKI (SDR)                            ', 7.6041, '2019-07-31'),
('ABD DOLARI', 5.5815, '2019-08-01'),
('AVUSTRALYA DOLARI', 3.8126, '2019-08-01'),
('DANİMARKA KRONU', 0.82383, '2019-08-01'),
('EURO', 6.1609, '2019-08-01'),
('İNGİLİZ STERLİNİ', 6.7481, '2019-08-01'),
('İSVİÇRE FRANGI', 5.5926, '2019-08-01'),
('İSVEÇ KRONU', 0.57436, '2019-08-01'),
('KANADA DOLARI', 4.2162, '2019-08-01'),
('KUVEYT DİNARI', 18.2112, '2019-08-01'),
('NORVEÇ KRONU', 0.62695, '2019-08-01'),
('SUUDİ ARABİSTAN RİYALİ', 1.4881, '2019-08-01'),
('JAPON YENİ', 5.1051, '2019-08-01'),
('BULGAR LEVASI', 3.1322, '2019-08-01'),
('RUMEN LEYİ', 1.2946, '2019-08-01'),
('RUS RUBLESİ', 0.08693, '2019-08-01'),
('İRAN RİYALİ', 0.01321, '2019-08-01'),
('ÇİN YUANI', 0.80429, '2019-08-01'),
('PAKİSTAN RUPİSİ', 0.03457, '2019-08-01'),
('KATAR RİYALİ', 1.5241, '2019-08-01'),
('ÖZEL ÇEKME HAKKI (SDR)                            ', 7.6535, '2019-08-01'),
('ABD DOLARI', 5.5809, '2019-08-02'),
('AVUSTRALYA DOLARI', 3.784, '2019-08-02'),
('DANİMARKA KRONU', 0.82836, '2019-08-02'),
('EURO', 6.1942, '2019-08-02'),
('İNGİLİZ STERLİNİ', 6.7527, '2019-08-02'),
('İSVİÇRE FRANGI', 5.647, '2019-08-02'),
('İSVEÇ KRONU', 0.57552, '2019-08-02'),
('KANADA DOLARI', 4.2155, '2019-08-02'),
('KUVEYT DİNARI', 18.2358, '2019-08-02'),
('NORVEÇ KRONU', 0.62441, '2019-08-02'),
('SUUDİ ARABİSTAN RİYALİ', 1.4877, '2019-08-02'),
('JAPON YENİ', 5.2082, '2019-08-02'),
('BULGAR LEVASI', 3.1493, '2019-08-02'),
('RUMEN LEYİ', 1.3008, '2019-08-02'),
('RUS RUBLESİ', 0.08551, '2019-08-02'),
('İRAN RİYALİ', 0.01321, '2019-08-02'),
('ÇİN YUANI', 0.79984, '2019-08-02'),
('PAKİSTAN RUPİSİ', 0.03456, '2019-08-02'),
('KATAR RİYALİ', 1.5241, '2019-08-02'),
('ÖZEL ÇEKME HAKKI (SDR)                            ', 7.6742, '2019-08-02'),
('ABD DOLARI', 5.556, '2019-08-05'),
('AVUSTRALYA DOLARI', 3.7492, '2019-08-05'),
('DANİMARKA KRONU', 0.8284, '2019-08-05'),
('EURO', 6.1947, '2019-08-05'),
('İNGİLİZ STERLİNİ', 6.7324, '2019-08-05'),
('İSVİÇRE FRANGI', 5.6793, '2019-08-05'),
('İSVEÇ KRONU', 0.57412, '2019-08-05'),
('KANADA DOLARI', 4.1934, '2019-08-05'),
('KUVEYT DİNARI', 18.1671, '2019-08-05'),
('NORVEÇ KRONU', 0.62053, '2019-08-05'),
('SUUDİ ARABİSTAN RİYALİ', 1.4811, '2019-08-05'),
('JAPON YENİ', 5.2275, '2019-08-05'),
('BULGAR LEVASI', 3.1495, '2019-08-05'),
('RUMEN LEYİ', 1.3014, '2019-08-05'),
('RUS RUBLESİ', 0.08493, '2019-08-05'),
('İRAN RİYALİ', 0.01315, '2019-08-05'),
('ÇİN YUANI', 0.78521, '2019-08-05'),
('PAKİSTAN RUPİSİ', 0.03442, '2019-08-05'),
('KATAR RİYALİ', 1.5173, '2019-08-05'),
('ÖZEL ÇEKME HAKKI (SDR)                            ', 7.6455, '2019-08-05'),
('ABD DOLARI', 5.5315, '2019-08-06'),
('AVUSTRALYA DOLARI', 3.7472, '2019-08-06'),
('DANİMARKA KRONU', 0.82879, '2019-08-06'),
('EURO', 6.1959, '2019-08-06'),
('İNGİLİZ STERLİNİ', 6.7272, '2019-08-06'),
('İSVİÇRE FRANGI', 5.6614, '2019-08-06'),
('İSVEÇ KRONU', 0.57415, '2019-08-06'),
('KANADA DOLARI', 4.1848, '2019-08-06'),
('KUVEYT DİNARI', 18.0896, '2019-08-06'),
('NORVEÇ KRONU', 0.61997, '2019-08-06'),
('SUUDİ ARABİSTAN RİYALİ', 1.4747, '2019-08-06'),
('JAPON YENİ', 5.1849, '2019-08-06'),
('BULGAR LEVASI', 3.1501, '2019-08-06'),
('RUMEN LEYİ', 1.3023, '2019-08-06'),
('RUS RUBLESİ', 0.08437, '2019-08-06'),
('İRAN RİYALİ', 0.0131, '2019-08-06'),
('ÇİN YUANI', 0.78228, '2019-08-06'),
('PAKİSTAN RUPİSİ', 0.03431, '2019-08-06'),
('KATAR RİYALİ', 1.5105, '2019-08-06'),
('ÖZEL ÇEKME HAKKI (SDR)                            ', 7.6231, '2019-08-06'),
('ABD DOLARI', 5.4858, '2019-08-07'),
('AVUSTRALYA DOLARI', 3.6821, '2019-08-07'),
('DANİMARKA KRONU', 0.82127, '2019-08-07'),
('EURO', 6.1393, '2019-08-07'),
('İNGİLİZ STERLİNİ', 6.6519, '2019-08-07'),
('İSVİÇRE FRANGI', 5.598, '2019-08-07'),
('İSVEÇ KRONU', 0.56892, '2019-08-07'),
('KANADA DOLARI', 4.1204, '2019-08-07'),
('KUVEYT DİNARI', 17.9299, '2019-08-07'),
('NORVEÇ KRONU', 0.61391, '2019-08-07'),
('SUUDİ ARABİSTAN RİYALİ', 1.4625, '2019-08-07'),
('JAPON YENİ', 5.1532, '2019-08-07'),
('BULGAR LEVASI', 3.1212, '2019-08-07'),
('RUMEN LEYİ', 1.2904, '2019-08-07'),
('RUS RUBLESİ', 0.08385, '2019-08-07'),
('İRAN RİYALİ', 0.01299, '2019-08-07'),
('ÇİN YUANI', 0.77436, '2019-08-07'),
('PAKİSTAN RUPİSİ', 0.03409, '2019-08-07'),
('KATAR RİYALİ', 1.4972, '2019-08-07'),
('ÖZEL ÇEKME HAKKI (SDR)                            ', 7.5562, '2019-08-07'),
('ABD DOLARI', 5.4744, '2019-08-08'),
('AVUSTRALYA DOLARI', 3.7034, '2019-08-08'),
('DANİMARKA KRONU', 0.82079, '2019-08-08'),
('EURO', 6.1349, '2019-08-08'),
('İNGİLİZ STERLİNİ', 6.6443, '2019-08-08'),
('İSVİÇRE FRANGI', 5.5996, '2019-08-08'),
('İSVEÇ KRONU', 0.56704, '2019-08-08'),
('KANADA DOLARI', 4.1132, '2019-08-08'),
('KUVEYT DİNARI', 17.8964, '2019-08-08'),
('NORVEÇ KRONU', 0.61088, '2019-08-08'),
('SUUDİ ARABİSTAN RİYALİ', 1.4594, '2019-08-08'),
('JAPON YENİ', 5.1475, '2019-08-08'),
('BULGAR LEVASI', 3.1191, '2019-08-08'),
('RUMEN LEYİ', 1.2897, '2019-08-08'),
('RUS RUBLESİ', 0.08349, '2019-08-08'),
('İRAN RİYALİ', 0.01296, '2019-08-08'),
('ÇİN YUANI', 0.77269, '2019-08-08'),
('PAKİSTAN RUPİSİ', 0.03404, '2019-08-08'),
('KATAR RİYALİ', 1.4948, '2019-08-08'),
('ÖZEL ÇEKME HAKKI (SDR)                            ', 7.5447, '2019-08-08'),
('ABD DOLARI', 5.4809, '2019-08-09'),
('AVUSTRALYA DOLARI', 3.7231, '2019-08-09'),
('DANİMARKA KRONU', 0.82102, '2019-08-09'),
('EURO', 6.1367, '2019-08-09'),
('İNGİLİZ STERLİNİ', 6.6256, '2019-08-09'),
('İSVİÇRE FRANGI', 5.6153, '2019-08-09'),
('İSVEÇ KRONU', 0.57017, '2019-08-09'),
('KANADA DOLARI', 4.1399, '2019-08-09'),
('KUVEYT DİNARI', 17.9212, '2019-08-09'),
('NORVEÇ KRONU', 0.61352, '2019-08-09'),
('SUUDİ ARABİSTAN RİYALİ', 1.4612, '2019-08-09'),
('JAPON YENİ', 5.1653, '2019-08-09'),
('BULGAR LEVASI', 3.12, '2019-08-09'),
('RUMEN LEYİ', 1.2911, '2019-08-09'),
('RUS RUBLESİ', 0.08341, '2019-08-09'),
('İRAN RİYALİ', 0.01298, '2019-08-09'),
('ÇİN YUANI', 0.77244, '2019-08-09'),
('PAKİSTAN RUPİSİ', 0.03445, '2019-08-09'),
('KATAR RİYALİ', 1.4959, '2019-08-09'),
('ÖZEL ÇEKME HAKKI (SDR)                            ', 7.5495, '2019-08-09'),
('ABD DOLARI', 5.5714, '2019-08-15'),
('AVUSTRALYA DOLARI', 3.7656, '2019-08-15'),
('DANİMARKA KRONU', 0.83149, '2019-08-15'),
('EURO', 6.2122, '2019-08-15'),
('İNGİLİZ STERLİNİ', 6.7262, '2019-08-15'),
('İSVİÇRE FRANGI', 5.7065, '2019-08-15'),
('İSVEÇ KRONU', 0.57689, '2019-08-15'),
('KANADA DOLARI', 4.1818, '2019-08-15'),
('KUVEYT DİNARI', 18.212, '2019-08-15'),
('NORVEÇ KRONU', 0.61935, '2019-08-15'),
('SUUDİ ARABİSTAN RİYALİ', 1.4853, '2019-08-15'),
('JAPON YENİ', 5.2397, '2019-08-15'),
('BULGAR LEVASI', 3.1584, '2019-08-15'),
('RUMEN LEYİ', 1.3079, '2019-08-15'),
('RUS RUBLESİ', 0.08382, '2019-08-15'),
('İRAN RİYALİ', 0.01319, '2019-08-15'),
('ÇİN YUANI', 0.78774, '2019-08-15'),
('PAKİSTAN RUPİSİ', 0.03457, '2019-08-15'),
('KATAR RİYALİ', 1.5206, '2019-08-15'),
('ÖZEL ÇEKME HAKKI (SDR)                            ', 7.6648, '2019-08-15');

-- --------------------------------------------------------

--
-- Tablo için tablo yapısı `kullanicigiris`
--

CREATE TABLE `kullanicigiris` (
  `KullaniciAdi` text COLLATE utf8_turkish_ci NOT NULL,
  `Ad` text COLLATE utf8_turkish_ci NOT NULL,
  `Soyad` text COLLATE utf8_turkish_ci NOT NULL,
  `Sifre` text COLLATE utf8_turkish_ci NOT NULL
) ENGINE=InnoDB DEFAULT CHARSET=utf8 COLLATE=utf8_turkish_ci;

--
-- Tablo döküm verisi `kullanicigiris`
--

INSERT INTO `kullanicigiris` (`KullaniciAdi`, `Ad`, `Soyad`, `Sifre`) VALUES
('severus', 'mehmet', 'boyuk', '5ZPbK4Cds/fY+Dr85n3yPQ=='),
('iho', 'ihsan', 'konargocer', 'CBuDp2RMIfe3S0D8+RgdkQ==');

-- --------------------------------------------------------

--
-- Tablo için tablo yapısı `kurcevirici`
--

CREATE TABLE `kurcevirici` (
  `DovizCinsi` text COLLATE utf8_turkish_ci NOT NULL,
  `DovizAlis` double NOT NULL,
  `CevirilecekTutar` double NOT NULL
) ENGINE=InnoDB DEFAULT CHARSET=utf8 COLLATE=utf8_turkish_ci;

-- --------------------------------------------------------

--
-- Tablo için tablo yapısı `yapilanislemler`
--

CREATE TABLE `yapilanislemler` (
  `DovizCinsi` text COLLATE utf8_turkish_ci NOT NULL,
  `ECTutar` double NOT NULL,
  `AltLimit` double NOT NULL,
  `UstLimit` double NOT NULL,
  `DonusturulenDovizCinsi` text COLLATE utf8_turkish_ci NOT NULL,
  `YapilanIslem` text COLLATE utf8_turkish_ci NOT NULL,
  `Tarih` date NOT NULL
) ENGINE=InnoDB DEFAULT CHARSET=utf8 COLLATE=utf8_turkish_ci;

--
-- Tablo döküm verisi `yapilanislemler`
--

INSERT INTO `yapilanislemler` (`DovizCinsi`, `ECTutar`, `AltLimit`, `UstLimit`, `DonusturulenDovizCinsi`, `YapilanIslem`, `Tarih`) VALUES
('ABD DOLARI', 55, 5, 555, 'yok', 'Para Ekleme', '2019-08-05'),
('AVUSTRALYA DOLARI', 4, 4, 44, 'null', 'Para Ekleme', '2019-08-05');

-- --------------------------------------------------------

--
-- Tablo için tablo yapısı `yapilanislemler2`
--

CREATE TABLE `yapilanislemler2` (
  `KullaniciAdi` text COLLATE utf8_turkish_ci NOT NULL,
  `DovizCinsi` text COLLATE utf8_turkish_ci NOT NULL,
  `ECTutar` double NOT NULL,
  `AltLimit` double NOT NULL,
  `UstLimit` double NOT NULL,
  `DDovizCinsi` text COLLATE utf8_turkish_ci NOT NULL,
  `YapilanIslem` text COLLATE utf8_turkish_ci NOT NULL,
  `Tarih` date NOT NULL
) ENGINE=InnoDB DEFAULT CHARSET=utf8 COLLATE=utf8_turkish_ci;

--
-- Tablo döküm verisi `yapilanislemler2`
--

INSERT INTO `yapilanislemler2` (`KullaniciAdi`, `DovizCinsi`, `ECTutar`, `AltLimit`, `UstLimit`, `DDovizCinsi`, `YapilanIslem`, `Tarih`) VALUES
('severus', 'ABD DOLARI', 500, 15, 1000, 'null', 'Para Ekleme', '2019-08-11'),
('severus', 'EURO', 300, 15, 1000, 'null', 'Para Ekleme', '2019-08-11'),
('severus', 'ABD DOLARI', 50, 0, 0, 'null', 'Para Çikarma', '2019-08-11'),
('severus', 'KUVEYT DİNARI', 50, 15, 1500, 'ABD DOLARI', 'Para Dönüştürme', '2019-08-11'),
('iho', 'ABD DOLARI', 300, 10, 1000, 'null', 'Para Ekleme', '2019-08-11'),
('iho', 'İSVİÇRE FRANGI', 300, 10, 1000, 'null', 'Para Ekleme', '2019-08-11'),
('iho', 'ABD DOLARI', 5, 0, 0, 'null', 'Para Çikarma', '2019-08-11'),
('iho', 'KUVEYT DİNARI', 10, 10, 1000, 'ABD DOLARI', 'Para Dönüştürme', '2019-08-11'),
('severus', 'KATAR RİYALİ', 50, 10, 100, 'null', 'Para Ekleme', '2019-08-15');
COMMIT;

/*!40101 SET CHARACTER_SET_CLIENT=@OLD_CHARACTER_SET_CLIENT */;
/*!40101 SET CHARACTER_SET_RESULTS=@OLD_CHARACTER_SET_RESULTS */;
/*!40101 SET COLLATION_CONNECTION=@OLD_COLLATION_CONNECTION */;
